"","difRt","difBT","difBD","Rprom","BTprom","BDprom"
"Rlast_2002_2008",0.656277179319558,0.364748997847865,0.160684859933282,75392.1428571429,1454370,746430
"Rlast_2009_2017",-0.402483538290388,-2.29691204808767,-3.27102444108793,18477.2222222222,280228.888888889,146683.777777778
"Rlast_historico",0.39829589148986,-0.189144342242509,-0.560169358651331,43067.68,776936.8,401552.56
